Pop/Disco,Electropop,Savant,Fire,2016-??-??,3:45,4
Hip Hop,Future Bass,Savant,Forsaken,2016-??-??,1:15,4
Pop/Disco,Electropop,Savant,Savior,2016-??-??,4:30,4
House,Progressive House,Bustre,Calamity,2016-07-15,2:50,4
Drum & Bass,Liquid Drum & Bass,Bustre,Devotion,2016-07-15,5:10,5
Hip Hop,Heaven Trap,Rich Edwards,Where I’ll Be Waiting VIP,2016-07-26,1:25,4
Pop/Disco,Synthpop,Anna Yvette & Laura Brehm,Summer Never Ends,2016-07-25,4:55,4
Electro House,Bass House,Tokyo Machine,PARTY,2016-07-22,2:35,4
Drum & Bass,Neurofunk,Droptek,Rupture,2016-07-20,5:00,2
Hip Hop,Future Bass,Didrick,Monstercat Live Performance (5 Year Anniversary Mix),2016-07-18,1:40,2
Dubstep,Riddim,Ponicz,Rowdy,2016-07-18,4:20,4
Dubstep,Riddim,Ponicz,Rippin,2016-07-18,2:45,4
Dubstep,Riddim,Ponicz,Turn Up,2016-07-18,5:15,4
Dubstep,Riddim,Ponicz,Technicolour,2016-07-18,1:30,3
Dubstep,Riddim,F3tch & Trampa,Juggernaut,2016-07-17,4:50,4
Hip Hop,Hybrid Twerk Trap,Hydraulix vs Oski,Skirt Safari,2016-07-16,2:40,5
Drumstep,Drumstep,Wiwek & Skrillex,Killa (feat. Elliphant) (Boombox Cartel & Aryay Remix),2016-07-15,5:05,5
Breakbeat,Electro Breaks,Wiwek & Skrillex,Killa (feat. Elliphant) (Henry Fong Remix),2016-07-15,1:20,5
Dubstep,Brostep,Wiwek & Skrillex,Killa (feat. Elliphant) (QUEST Remix),2016-07-15,4:35,5
Drumstep,Liquid Drumstep,Tristam,Before We Fade,2016-07-15,2:50,5
Drum & Bass,Jump Up,Muzzy,Crescendo (feat. MYLK),2016-07-14,5:10,4
Pop/Disco,Indie Dance,“Richard Caddock, WRLD,2016-07-13,1:25,4
House,Future House,Laszlo,Tribal,2016-07-12,4:45,4
Electro House,Electro House,Oneeva,November,2016-07-11,2:30,4
Electro House,Electro House,Oneeva,Purity,2016-07-11,5:00,4
Electro House,Bass House,Noisestorm,This Feeling,2016-07-11,1:35,4
Dubstep,Brostep,Dubloadz,Brainwashed,2016-07-11,4:20,2
Dubstep,Brostep,Dubloadz,Cuck Life (feat. Crichy Crich),2016-07-11,2:55,4
Dubstep,Brostep,Dubloadz,Solar Sheep,2016-07-11,5:15,1
Dubstep,Brostep,Dubloadz,Calamari (feat. Barely Alive),2016-07-11,1:30,1
Dubstep,Brostep,PhaseOne,UFO,2016-07-08,4:50,5
Electro House,Electro House,Feed Me,High Speed Weekend Survivor,2016-07-08,2:40,5
Electro House,Bass House,Feed Me,Stay Focused,2016-07-08,5:05,4
Dubstep,Brostep,Feed Me,Red Clouds (Serious Ting),2016-07-08,1:20,3
House,Future House,Feed Me,What It Feels Like (feat. Nina Nesbitt),2016-07-08,4:35,4
Hip Hop,Trap,Feed Me,Schizoid,2016-07-08,2:50,4
Electro House,Big Room House,Feed Me,Trouble (feat. KANEHOLLER),2016-07-08,5:10,4
Electro House,Bass House,Feed Me,American Cemetery,2016-07-08,1:25,4
Electro House,Moombahton,Feed Me,Life Raft,2016-07-08,4:45,5
Dubstep,Liquid Dubstep,Rogue,Imperfect Views,2016-07-08,2:30,4
Hip Hop,Hybrid Trap,Slips & Slurs,Divided VIP,2016-07-07,5:00,4
Electro House,Big Room House,Pegboard Nerds,Blackout,2016-07-06,1:35,5
Trance,Uplifting Trance,Stonebank,Lift You Up (feat. EMEL),2016-07-05,4:20,5
House,Tropical House,Ephixa & Stephen Walking,Matches (feat. Aaron Richards),2016-07-04,2:55,3
House,Progressive House,Dezza,True,2016-07-04,5:15,3
House,Progressive House,Justin Oh,Good Morning (Claes Rosén Remix),2016-07-04,1:30,4
House,Progressive House,Espen,So Blue,2016-07-04,4:50,4
House,Progressive House,Shane Robinson,Crystalline,2016-07-04,2:40,5
Rock,Post-Rock,Tycho,Division,2016-07-01,5:05,2
Reggae,Dancehall,Fountain Of Youth,Appetite (Riddim),2016-07-01,1:20,3
Reggae,Dancehall,Fountain Of Youth,Enter The Night (Riddim),2016-07-01,3:45,3
Reggae,Dancehall,Fountain Of Youth,Improvement (Riddim),2016-07-01,1:15,4
Reggae,Dancehall,Fountain Of Youth,Promises (Riddim),2016-07-01,4:30,5
Hip Hop,Future Bass,Lusky,4u,2016-07-01,2:50,5
Chillout,Downtempo,Stendahl & LaMeduza,You Get Me,2016-06-30,5:10,5
Breakbeat,Ambient Breaks,Stendahl & LaMeduza,Couldn’t Open Up,2016-06-30,1:25,3
House,Ambient House,Stendahl & LaMeduza,Different You,2016-06-30,4:55,2
Hip Hop,Future Bass,White Zoo,Let Go (feat. Pearl Andersson),2016-06-29,2:35,4
Pop/Disco,Indie Dance,Draper,Ready For Us (feat. Sykes),2016-06-29,5:00,5
Hip Hop,Future Bass,DROELOE & Vinzere,Nothing Wrong,2016-06-28,1:40,5
Dubstep,Brostep,SKisM,Experts (Barely Alive Remix) (Tryple VIP),2016-06-28,4:20,5
Dubstep,Brostep,Eptic & Habstrakt,On The Block (Habstrakt VIP),2016-06-28,2:45,3
Hip Hop,Hybrid Trap,Callie Reiff & Ronaissance,Tin Machine,2016-06-27,5:15,4
Dubstep,Brostep,Speo,Horizon,2016-06-27,1:30,4
Drum & Bass,Liquid Drum & Bass,Rameses B,Darkest Place (feat. Aloma Steele),2016-06-27,4:50,1
Hip Hop,Festival Trap,Rickyxsan,Ain’t Really,2016-06-27,2:40,3
House ,Commercial House,Osvaldorio,Save Me (Icehunt Remix),2016-06-27,5:05,2
House,Jackin’ House,TUZZA,When I Look,2016-06-27,1:20,4
Hip Hop,Future Bass,Fallsteeze,Do You,2016-06-27,4:35,5
Drum & Bass,Liquid Drum & Bass,Yed Prior,Tomorrow,2016-06-27,2:50,4
Electro House,Bass House,Treovr,Sequence,2016-06-27,5:10,5
Electro House,Complextro,Oskar Arvidsson,Time Travel,2016-06-27,1:25,5
Breakbeat,Progressive Breaks,Gregory Esayan,Starman,2016-06-27,4:45,5
Breakbeat,Progressive Breaks,Illuminor & Dan Sieg,No Way Back Up,2016-06-27,2:30,5
Breakbeat,Progressive Breaks,Sundriver & Schodt,Here With Me (feat. Aida Fenhel) (Schodt Vocal Mix),2016-06-27,5:00,3
Breakbeat,Progressive Breaks,Elfsong & Aeron Aether,Kaivalya,2016-06-27,1:35,4
Breakbeat,Progressive Breaks,Abdomen Burst,Changes (feat. Yavanndiel & Malevich) (Fretwell Remix),2016-06-27,4:20,4
Breakbeat,Progressive Breaks,Arthur Deep,Friends (Embliss ‘Leaving Autumn’ Remix),2016-06-27,2:55,4
Breakbeat,Progressive Breaks,Derek Howell,Stride (Monojoke Remix),2016-06-27,5:15,1
Breakbeat,Progressive Breaks,Universal Solution,Luquan,2016-06-27,1:30,2
Breakbeat,Progressive Breaks,Faskil,Rezi (Coalesced Remix),2016-06-27,4:50,5
Breakbeat,Progressive Breaks,Stefan Anion,Strangers (Aeron Aether Remix),2016-06-27,2:40,4
Breakbeat,Progressive Breaks,Abdomen Burst,Sky In Your Hands (Dynamic Illusion ‘Breaks’ Remix),2016-06-27,5:05,4
Breakbeat,Progressive Breaks,Monojoke,Digital Illusion,2016-06-27,1:20,4
Breakbeat,Progressive Breaks,Soundstorm,Iris (East Cafe ‘Breaks’ Remix),2016-06-27,4:35,4
Breakbeat,Progressive Breaks,Shiftone,Thai Spa (Schodt Remix),2016-06-27,2:50,5
Breakbeat,Progressive Breaks,Jayeson Andel,A Little Spaced,2016-06-27,5:10,5
House,Future House,Vicetone,Nevada (feat. Cozi Zuehlsdorff),2016-06-24,1:25,5
Hip Hop,Hybrid Trap,Eptic,Cosmic,2016-06-24,4:45,5
Electro House,Bass House,Eptic & Habstrakt,Lazor 3000,2016-06-24,2:30,4
Dubstep,Brostep,Eptic,Nightshade,2016-06-24,5:00,5
Dubstep,Brostep,Eptic,Shapeshift,2016-06-24,1:35,3
Dubstep,Brostep,Eptic,Swords & Dragons,2016-06-24,4:20,4
Hip Hop,Hybrid Trap,Eptic,What Have You Done,2016-06-24,2:55,4
Hip Hop,Trap,BASECAMP,esc (Swindail Remix),2016-06-24,5:15,5
Hip Hop,Trap,BASECAMP,esc (josh pan & X&G Remix),2016-06-24,1:30,1
Hip Hop,Future Bass,WATGOOD,Drive,2016-06-23,4:50,1
Electro House,Electro House,OVERWERK,Move Your Body (Sia Cover) (feat. MARS),2016-06-22,2:40,5
Drumstep,Drumstep,Stonebank,Soldier,2016-06-22,5:05,4
Hip Hop,Future Bass,Roniit x Trivecta,Through The Night (Electro-Light Remix),2016-04-05,1:20,4
